id;nom;niveau;salle;creneau;comment
1;Salad;digital;SALLE_9;DIMANCHE_APRES_MIDI;Buckinghamshire
2;Handmade Metal Bike Future;Steel Home Loan Account Malagasy Ariary;SALLE_10;MECREDI_MATIN;calculating Developer Buckinghamshire
3;complexity Forward Canadian Dollar;channels Alabama;AUTRE;DIMANCHE_MATIN;SDD withdrawal Upgradable
4;Assurance;paradigms Money Market Account;SALLE_11;MECREDI_MATIN;Malagasy Ariary
5;incubate;Computer connecting groupware;SALLE_6;DIMANCHE_MATIN;Reverse-engineered National architectures
6;withdrawal;Congo;SALLE_7;MERCREDI_APRES_MIDI;Bangladesh Colorado
7;Moldova;content quantifying Response;SALLE_10;MECREDI_MATIN;data-warehouse
8;Concrete Tugrik;Plastic;SALLE_3;SAMEDI_APRES_MIDI;client-driven Money Market Account needs-based
9;compress;focus group indexing Accountability;SALLE_13;DIMANCHE_APRES_MIDI;integrated copy bypassing
10;Customer;Armenian Dram;SALLE_8;SAMEDI_APRES_MIDI;national Metal Global
