id;date;description;comment
1;2020-06-12T18:27:13;../fake-data/blob/hipster.txt;leverage North Korean Won Netherlands Antillian Guilder
2;2020-06-12T04:22:14;../fake-data/blob/hipster.txt;knowledge user connecting
3;2020-06-12T18:36:52;../fake-data/blob/hipster.txt;payment synthesizing UAE Dirham
4;2020-06-12T18:34:06;../fake-data/blob/hipster.txt;Alaska enhance Coordinator
5;2020-06-11T23:53:20;../fake-data/blob/hipster.txt;Refined Sports Mountains
6;2020-06-12T14:44:08;../fake-data/blob/hipster.txt;RSS
7;2020-06-11T23:02:56;../fake-data/blob/hipster.txt;Berkshire
8;2020-06-12T17:43:42;../fake-data/blob/hipster.txt;Comoro Franc mobile
9;2020-06-12T05:02:03;../fake-data/blob/hipster.txt;Generic California Metal
10;2020-06-12T07:05:03;../fake-data/blob/hipster.txt;bleeding-edge
