id;nom;prenom;adresse;code_postal;ville;telephone_1;telephone_2;email_1;email_2;comment
1;Malaysia Colorado;Versatile Director attitude;program maroon;41366;HDD Car Cotton;47765;77021;Profound deposit payment;National;Baby
2;disintermediate;Music Intuitive cutting-edge;transmit Branding;85550;Borders Unbranded Rubber Gloves Botswana;62486;79427;incremental;Bolivia online;Investor enhance
3;Fantastic Incredible Metal Ball Global;parsing Executive navigating;USB;52545;Kentucky program;99902;60856;Tuna Integration contingency;backing up Ball;violet sky blue
4;impactful Sleek Steel Chair;Steel parsing Oklahoma;Gorgeous Rubber Bacon Human;27221;integrate orchid;49391;13631;hard drive Automotive Personal Loan Account;synthesize white Decentralized;Buckinghamshire
5;Configurable bandwidth;panel Realigned;withdrawal;78641;sticky online;75984;33048;Lead Estonia;regional turquoise Tennessee;technologies Gorgeous Cotton Ball SSL
6;Home Loan Account;ROI;plug-and-play Clothing;75575;invoice withdrawal front-end;13350;38656;infomediaries Borders;Fords Iceland Krona Home Loan Account;Universal Slovenia Algerian Dinar
7;challenge;copying maximize HTTP;microchip Cheese productize;7823;homogeneous logistical Chief;79621;39329;integrate optical;SCSI;Computer
8;markets 4th generation Jordan;Checking Account Administrator;Inverse 24/365 Lodge;79923;Rubber Architect mission-critical;15441;64577;deposit extensible monitor;Pizza convergence;Investment Account auxiliary
9;Customer National;index input Massachusetts;Frozen;89126;Bolivia bandwidth-monitored Lebanese Pound;23319;81016;Cambridgeshire Handcrafted National;Designer Administrator Regional;Jewelery
10;solutions Officer;tan;Mobility middleware;52437;Cheese Intranet open-source;56159;61218;attitude Crest;invoice Games;Product Slovenia interactive
