id;date;present;description;comment
1;2020-06-12T15:50:36;true;../fake-data/blob/hipster.txt;Avon SMS
2;2020-06-12T06:59:18;true;../fake-data/blob/hipster.txt;hierarchy
3;2020-06-12T13:58:44;false;../fake-data/blob/hipster.txt;turquoise Colorado
4;2020-06-12T09:51:29;true;../fake-data/blob/hipster.txt;Soft backing up
5;2020-06-12T16:00:59;false;../fake-data/blob/hipster.txt;Tanzania Tasty
6;2020-06-12T13:32:52;false;../fake-data/blob/hipster.txt;moratorium International bandwidth
7;2020-06-12T14:49:54;false;../fake-data/blob/hipster.txt;Synergized Forward
8;2020-06-12T05:56:13;true;../fake-data/blob/hipster.txt;Intelligent
9;2020-06-12T21:41:44;false;../fake-data/blob/hipster.txt;Optimization
10;2020-06-12T08:37:50;false;../fake-data/blob/hipster.txt;initiatives Montana Zloty
