id;nom;prenom;comment
1;Taka Flats Personal Loan Account;Lead Auto Loan Account Mandatory;Gorgeous Savings Account frictionless
2;SMTP facilitate;Small National distributed;mobile
3;turquoise;ubiquitous Lebanon;Steel
4;Maine;Tunnel red;Lek calculate deposit
5;Orchestrator;Games well-modulated;TCP repurpose Refined Soft Pizza
6;ADP hack Iran;Sleek Plastic Keyboard Handcrafted monetize;Clothing
7;integrated Granite;Money Market Account 24 hour Clothing;infomediaries bluetooth Bedfordshire
8;Sleek Frozen Computer Computers;Unbranded Rustic Metal Computer Accounts;Tanzanian Shilling iterate
9;e-services models protocol;deposit;cross-platform
10;interfaces markets;generate transition Personal Loan Account;Plaza Fantastic Berkshire
